{
    "R2": 0.45529230379913943,
    "MAE": 0.6227306232520972
}